<?xml version="1.0" encoding="UTF-8"?>
<project-private xmlns="http://www.netbeans.org/ns/project-private/1">
    <editor-bookmarks xmlns="http://www.netbeans.org/ns/editor-bookmarks/2" lastBookmarkId="0"/>
    <open-files xmlns="http://www.netbeans.org/ns/projectui-open-files/2">
        <group>
            <file>file:/D:/APU/Projects/Software%20Engineering/SalonShop%20-%20Concurrent%20Programming%20with%20Java/SalonShopCCP/src/classes/NewCustomer.java</file>
            <file>file:/D:/APU/Projects/Software%20Engineering/SalonShop%20-%20Concurrent%20Programming%20with%20Java/SalonShopCCP/src/classes/Barber.java</file>
            <file>file:/D:/APU/Projects/Software%20Engineering/SalonShop%20-%20Concurrent%20Programming%20with%20Java/SalonShopCCP/src/classes/SalonShop.java</file>
            <file>file:/D:/APU/Projects/Software%20Engineering/SalonShop%20-%20Concurrent%20Programming%20with%20Java/SalonShopCCP/src/classes/MainSalon.java</file>
        </group>
    </open-files>
</project-private>
